user,to_removable_media,from_removable_media
AAC0610,1.2882915389194767,1.4110816629219631
AAF0819,1.3939116011195831,1.5037701188256813
AAP0352,0.8194022718938414,0.8799659306165901
AAP1919,0.880278119952751,0.8496366475685988
ABD3426,2.3213200660155784,2.2468832629022595
ABH0349,2.1929680597060885,2.53083948816425
ABK3081,0.9387618426212517,1.1148560979213158
ABM3687,2.2877816162427065,2.3367234286302563
ABM3772,0.9790693118468411,0.9828852162975539
ABO1173,0.8626144489151463,1.071520537091695
ABP2917,1.2726852088322047,1.3687048486896831
ABR0397,0.8185051856379751,0.9763206289141645
ACB0701,0.5649747149841563,0.7777600621565202
ACF1806,2.234998762817497,2.205441494577918
ACG3819,0.9047527017812046,1.1152022464968383
ACM2278,1.7320508075688772,0.5773502691896257
ACS1921,1.4074253653610305,1.4847063135450413
ACV1946,1.0585374331528947,1.260054230227234
ADB1105,0.9876512943705756,0.9826444601460818
ADG1737,0.9409266896751494,1.1666779809088335
ADM0923,0.948471609261077,1.1147578328128294
ADP3667,1.0225143284661249,1.008005778811909
ADS2950,0.8307236349303073,0.9477564920260969
AEB3249,0.7060180864974626,0.7442084075352509
AEB3574,0.7750052887871947,0.8871156744247285
AED1421,2.115960942587425,2.3009850852875204
AFB0904,1.4431969156914453,1.496964656859219
AFB3228,0.7262503238857249,0.8776722568772906
AFP2709,0.9657712084047535,1.1047569794110914
AGB0057,0.6992270301671067,0.850271129056962
AGF0742,2.3617535899526567,2.148144154766825
AGL1301,0.5613916347682354,0.9858975734791537
AGW1590,1.0109525778246597,1.0994801291436642
AHB0648,0.8830249775208916,0.9221579651885214
AHC1994,0.8750127176046282,0.8866651652159191
AIB3416,0.8556853277255045,0.9499957233181947
AIJ3995,2.1845832958357487,2.3440292986776456
AIP1614,2.2089371622144003,2.321957362791014
AJG0240,0.7861713768987698,0.8314582983224219
AJH2110,0.9779908708995794,1.1216217966897966
AJM0345,0.9000320535131884,0.8169381148876914
AJS3021,0.903836079931208,0.8286118249582067
AKB2312,2.143824627140972,2.1468651425088994
AKB3530,1.3165611772087666,1.2583057392117916
AKD0272,2.105933122801609,2.1444793377009055
AKG2702,1.1924932866061548,1.2568284824887224
AKH0454,0.8382699759080114,1.0029538805534568
AKH1534,0.7855346253611196,0.8797314321651092
AKL1605,2.3371793774905103,2.231644108754229
AKS3496,2.387755055944424,2.385983559785924
ALB3649,0.9231373352229556,1.1171463077931525
AMB3100,0.8975956834415014,1.1238740716542468
AME1490,2.1721729695629475,2.05570150644095
AMJ2374,1.0801618520758547,0.9851813941062736
AMS0712,1.1243648531592632,1.1893515422395846
ANB2766,0.7410817280567472,0.8741764107793806
ANC1950,2.222516927113409,2.1035666454593693
ANF3332,0.6367096843506952,1.2935614805835154
ANL3024,1.0549393111010001,1.2759532233027304
AOC0982,2.2189871785906745,2.196666611034011
AOM1457,2.1868596725352676,2.112929432416353
APA1788,1.1342294656885958,1.2732544624131403
APB1122,0.9006170724070864,1.274875931993113
APP2488,2.209266691276195,2.0574591502071975
APS1968,0.823561242063752,0.5910804632890487
ARC3034,1.0206577716117,0.9905787293273389
ARH2097,0.6963947413204897,0.8413701801637187
ARK3198,0.7244464749279003,0.9562689760783463
ARV0704,0.8695557975410423,0.914710886245695
ARZ3464,0.7071067811865476,1.1622623652275441
ASC0177,1.1789495163474453,1.2508146732075298
ASW1918,0.6978023391872253,0.802365782965103
ATD0146,0.8906339380653088,1.0024207615420242
ATH0225,0.6300104925585274,0.8440870885206
ATM1615,0.9596096648763515,1.2301806589730737
ATT1191,2.112131554472755,2.255043199326314
AVS2317,1.1272656510784251,1.0156216528669286
AWM2286,1.050234972627716,1.14969604940242
AXW3243,0.6025061814040888,0.8678937382599171
AYS1628,1.347779840331689,1.3357528368523564
BAB1619,1.1513761885139253,1.2091422791869852
BAG2641,1.0859295461690779,1.1231822922119372
BAL2366,1.0501739801478964,1.135891470654911
BAO2928,1.0905672738582717,1.0045465112797018
BBA1230,0.846787620432994,1.056611134731176
BBM2604,0.7615417253558695,1.0086198798504364
BBT0062,2.0112597820069262,2.203825605278273
BBW0594,1.2830510181026595,1.3567303783325286
BCC2536,1.0392975381584906,0.8785083969344404
BDJ3001,0.7705262434361982,0.8555222025135937
BDJ3326,1.43988350964651,1.4502184813544052
BDP0031,1.1104177245234244,1.061259578634921
BDP3912,0.7895146188218007,0.6633249580710799
BDR0510,2.2585516360554183,2.1575818443605277
BEG3521,1.2648261623140973,1.392125702053486
BEH0103,1.0012610957137722,1.1322902230839051
BHD2088,0.6092027538712966,1.067833717685733
BHE1709,1.1763182535881327,1.2712118690366354
BJE0351,1.1854182551693373,1.2894669252686817
BJV2631,1.0694326953161883,1.1469164119548187
BKB0853,2.2357967556125993,2.365977689124864
BKF0427,0.985958486693931,1.1420402904870601
BLB1876,0.9342296700711026,1.1424550797873414
BLL3585,0.9243129093301437,0.947574745282871
BMC3636,0.6725823643395453,0.9161196852024465
BMM0462,1.5981304150548088,1.6177512905928484
BMM3328,1.0627210129162588,1.0932545355277767
BMN0178,0.9944289260117533,0.6749485577105528
BMS0925,1.1965566091992952,1.2374804883614148
BNF1110,2.2019352704230672,2.3138886619514585
BNH3516,0.6811221454121538,0.9088275473103352
BNS3233,0.7112715707794371,0.8222355134876351
BPD2437,1.738840423995944,1.913913268021995
BPN3051,1.54053798645342,1.7625122625803353
BQV1308,0.8040199546228277,0.8557104867643437
BRD3314,0.7063936122898274,0.817524785063761
BRG3267,2.1295440974501205,2.204277301929418
BRW3552,0.7668257811161491,0.8039903506688012
BSB3083,1.5529700395148756,1.5838162127304534
BSM2844,2.0777325675481815,2.113521379653008
BUS1727,1.0629689468490409,1.2576255904151772
BVB1673,0.7302967433402214,0.4425306015783918
BWM2339,0.8442746224853452,0.9396054677880717
BWW1159,0.9091504666065178,0.9685269143664281
BXT2678,0.7940091490377259,0.951260438494934
BYF3784,0.7234154459939113,0.9327599423051826
BYS3626,2.5273367055877296,2.1866704723131005
CAG2442,1.772578639853621,1.8805470866804381
CAM0679,0.8888334445973761,0.859295457418497
CAM1323,0.7843849439272406,0.990211836184299
CAM3050,1.7826777985245255,1.873215801218444
CAR0992,0.9330184435357969,1.1254356704954886
CAR2244,1.0190404080982116,1.0301510225671942
CBA1023,0.8743715055506437,0.863612179862705
CBB2904,1.3155495090957912,1.4377487295188784
CBC0952,0.9719974878907165,1.1457221690195678
CBC3175,0.9441278407182265,1.2869401717248177
CBG1074,0.771241715353602,0.9167201937772947
CCF3529,0.7080090487236486,0.7781161609677196
CCN2726,0.694885633477702,0.8783283628857138
CCT2165,0.9733358097519011,1.1539615714448617
CCW2381,2.1648831804897704,2.169942312122752
CDB2017,0.7904490756829927,0.9326644700526713
CDC3413,0.7479726514039948,0.923203255279835
CDM0538,0.8397442395033642,0.9475988580457889
CDW0886,0.9653414204161213,0.928611242975073
CEC1352,2.155349850216224,2.1488893620184544
CER0228,0.9965594383222796,1.1122117931821713
CFL0156,0.9706403276977428,0.9439207298427913
CGG3388,0.8168395746756536,0.993959346287779
CGM2036,0.8615114424846461,0.9018962757327482
CHB1062,1.7741266964395348,1.953659703072303
CHM1561,2.1463384787536173,2.148084573753152
CID3640,0.7310767735053294,0.9446922588187302
CIG3191,0.9801034923067771,1.0304717489496718
CIH0995,0.8860158884519915,0.9499555036617231
CIY1654,0.7635725068956292,0.9542374472273957
CJC1433,0.8327857450266191,0.9866601045136916
CJG3002,1.0974636938669708,0.8930764318234308
CJH2411,1.5053749852292109,1.3839742105200574
CJM0273,2.2258431752182073,2.140542970216265
CJM0584,1.0072203103706698,0.7939992333804206
CJM3315,1.1223202534801824,1.0938901059061494
CJS1986,0.7920692756152943,0.8277998098891574
CKB0596,0.6261353324525414,0.565752381856018
CKB3645,1.1211545885331013,1.2812831809837228
CKL0697,0.9280843470177794,0.9948411276830702
CKP3600,1.027788502732545,0.9936305084394236
CLR2407,0.8109562517580262,0.8796644381862461
CMH2342,0.941055995267144,1.217716989453356
CMO2396,0.7778421016882651,0.9199623783916813
CMP2946,0.6015440614758334,0.7271326182997812
CMT0267,1.9022154470686512,2.160965723846379
CNE2161,1.2967842964229799,1.400057404868982
CNH3475,1.1002442872859532,1.2153300812414178
CPC0724,1.3107644518661092,1.3788217525435826
CQS2883,0.7855051982347568,0.9484282070811132
CRL2357,0.8419160266922524,0.9690273833114997
CRM0139,2.0285183426330895,2.209026505389095
CRP3682,0.9256235297764887,1.0585893520570249
CSB1660,2.123918231450024,2.689259580118651
CSB3932,0.9228248796941393,0.7544625451302599
CSL0428,1.2316612377019238,1.153539769895571
CSM1554,0.7902974279156074,0.824084631039482
CSM3502,0.8325417313444907,0.9830227489887388
CSP2186,2.131847584740904,2.196872701333589
CSR3140,1.226708209889496,1.354917545454201
CTB3481,0.8453868339893691,0.7930578692546058
CTC0421,0.9201195827826111,0.9291949544650269
CTC0859,0.8429018977424277,0.8012486198803154
CTH0737,0.6854775839312977,0.8136810670922294
CTH2220,0.8737662686668911,1.037215982071262
CWA2554,1.2516982730468897,1.4330828495681798
DAD1785,0.5477225575051661,0.752772652709081
DAM0096,2.247341979420132,2.1109215693187564
DAS3775,0.893828043545609,0.9897690928407782
DBC3871,1.1155563737028875,1.1527873780964033
DBF3582,0.8094559007252062,0.9632996044565407
DBF3635,0.9528239762486796,1.0633463190282229
DBG0477,0.6906389050630588,0.802808369894322
DBH1596,1.1155169695942488,1.200518130264815
DBT0141,1.2277928241916718,1.2607447596805679
DCB0401,1.3543860032439545,1.3823964989543647
DDG0528,1.4992321696557276,1.5544102318218385
DEP0163,1.3444667346397874,1.3318977651539496
DFM2933,0.8190252230326036,1.0433926973706424
DGG3429,0.8206016675429032,0.644455258838937
DGQ3744,0.8412730380763767,0.7716092106970079
DGS1079,0.6987934569421573,0.8240483198657625
DHG0533,1.1351168591849823,1.3345548478886844
DHG0962,1.0431173609053628,1.1041984001311327
DHG1830,0.7641869492237123,0.8794631189392598
DHL2219,1.09858632345488,1.2378517617308433
DJA0740,1.151114541925368,1.2674655274227806
DJB1236,0.8093802683119861,1.026977699656758
DJF2329,0.8923238907554356,0.9367551846579545
DJF3394,0.6963794180526757,0.9056681892477823
DJS1127,2.163172222419692,2.2191806430501226
DKD2409,0.8996338797522015,0.9625601808466105
DLM1680,0.9650158744496171,1.227969713368421
DLM2440,1.716069154187023,1.7340866958780845
DMB1429,1.097299063251331,1.19498137113201
DMH1232,0.560611910581388,0.6436503043467892
DMW2128,1.1380312826048,1.291874909592948
DNM0275,2.133210511964807,2.0940951793775238
DOM0586,0.9248700532424085,0.9519211344191525
DOS1990,1.18489949332601,1.3134661859192613
DOT1898,2.3076925358152995,2.1178304694440344
DRC2296,0.8949908526963202,1.0536629948432548
DSA3620,0.954538616800724,0.9947773283783248
DSM1286,2.044981632402876,2.290015109512669
DTA2223,1.0395718473716515,1.1120184016498562
DTG1294,1.0611538205321784,1.0404405168188173
DTH1333,2.025531480322579,2.4474728715125984
DTL2891,0.8852740675730703,0.8731462524753321
DWB3085,1.3167277957084926,1.4903645328167083
DWD2621,1.0610095947206069,1.0830816104084235
EBD2562,1.1245306578138403,1.1400161277543324
ECB1683,0.7526509924815861,0.8148125023092209
ECS3353,1.062672975174121,1.2897396980513913
EDF2361,0.8177143244543966,0.8330513619138451
EEC3193,1.2029415907203087,1.1826498438985222
EGC0931,0.33634998607300876,0.6211751651978578
EGD3972,2.00770380279506,2.2476521878307283
EHD1744,1.01418510567422,0.6015852075182383
EIY2749,1.2465588739795186,1.372384764977168
EJH2799,0.9323914079540729,0.9932500602077143
EJL1075,2.1578091231753724,2.2133405532123573
EJS1338,0.7285027477254469,0.8191072207705518
EKH2084,0.7929009920049052,1.0902179313982256
ELW1413,0.8830864970465292,0.834168827815409
EMK3809,2.3749773138662422,2.471446130712036
ENM2269,0.9148215103078444,1.09632721427359
ENS1748,2.292955642882397,2.3179053861486647
EPI3052,1.7783031609804165,1.7807823173438986
ERH0815,2.1290857519386446,2.2885185180272045
ESH2077,0.9222398363709265,0.9099836127307988
ESS3318,1.154165840726907,1.2769427371564597
ESS3341,1.161343165786043,1.4252250182672646
ETG2821,1.9643973994223114,2.1842291873466815
EYD2871,1.9966164605929098,2.267489742546285
EZB3892,0.9915666970927682,1.1207109929314252
FAJ0523,2.3223092802467966,2.069116932714263
FAJ3101,0.9016264973345111,0.9835452064899384
FAJ3608,0.7579311008897547,1.0725999772967882
FAL1867,2.155492180958771,2.147386226470171
FCM2190,1.1700674626060066,1.2382976852683631
FCM3926,1.984090180629582,2.2370002552044603
FDD3893,1.0964274303609187,1.2223572140053183
FDF2135,2.1670723411195967,2.6690917243345895
FDV1224,2.0197900437244196,2.22537882715949
FGC0114,1.0932537069607675,1.2466141766030525
FHA3387,1.0647475687978578,1.1651014189969255
FJO1828,1.3163417836835871,1.4280810769530357
FMR0920,1.5226429517262274,1.5826884081848194
FNM2124,2.2564373487938,2.341402908890685
FNW3564,2.127946575575867,2.1679138986537514
FRB3653,1.297700261380228,1.1998811170919084
FRG1576,0.9613654885029274,0.856107034580598
FSM0056,1.1676120345893424,1.2167312687832843
FTS0246,0.7358341457382666,0.8765021470285767
FVR0881,0.866681235308786,0.9201919619042791
FYP1187,0.73561861842469,0.9289882939269429
FZM0318,0.9317816558956105,0.5558507890322493
GAF2480,0.9251520226130422,0.899013753685736
GAH0525,1.1995249724154955,1.2117227092673792
GAN1584,0.8911327886790069,1.1835932707140229
GDH2500,0.6526231595775531,0.8242913574436177
GDM3960,2.3714550312545204,2.305845907920061
GDY2724,0.8014410098738973,0.784231034210146
GEH3406,1.2906265916407942,1.3964206040172271
GFB1385,1.0054945884354418,1.1162201497657183
GFJ2582,0.8321900759926454,0.7156093726283554
GFK3498,0.8947732646019545,1.1429627942712781
GGM3737,0.8758557459257962,1.2062407141595382
GIH0882,0.9199606967777588,0.7178121183764838
GJB2659,0.8853648783083368,0.9733215494941418
GJM0065,0.8465044402966003,1.1022132420760296
GKB2807,1.3625374410887054,1.4007492068462353
GKG3414,1.038797451449454,0.7585985091688539
GKL0006,1.0337544707121087,1.074537709087949
GLN2107,0.8126703334477896,0.9995077528621256
GMF1213,0.8211065874017602,1.1884070287446982
GMM0224,0.9980060426838364,1.0756415903626422
GNC2237,1.5516301415018519,1.562648936780703
GNT0221,1.0113752487720864,1.0483595426143535
GRP0277,0.7802743146408704,1.0643310616664374
GRY1398,0.8482647420621102,0.7788323080879888
GSA3815,2.1019587847317243,2.11094405978653
GSC0530,1.9915621690116188,2.585924216933299
GTC0747,0.963951963578491,1.0319474159525652
GVC1358,0.8973543657759845,1.0174424512650804
GWM3260,0.9753484589287676,1.0768236503719204
GWW3788,2.2616406246391834,2.3195695571383346
GYH3476,2.150860006050481,2.1709354922559614
HAG3196,2.144229987617357,2.13290357371134
HAR3571,1.2323702298588135,1.3419452274456105
HBC0081,1.0706711136774756,1.1082945599808602
HBD1371,1.1974401201319513,1.2506406358166986
HCB1383,1.0167930431959211,0.8657680793384716
HCF2857,1.137859083860253,1.0310104875715984
HCS2231,0.8683199684409272,1.0495985724178878
HCS2401,1.2073877892284108,1.3561620616005177
HDB1666,0.908906087978644,1.015664341310003
HDN1139,1.2364967378458602,1.1678364069534661
HDN2609,0.6139476288165394,0.8704428600869627
HET0359,1.292277045184285,1.3789251025441105
HGD1664,0.7675216491712952,0.8714766094968082
HGH0727,0.8196033517614075,0.9135524870588118
HGJ2592,2.178334601555707,2.073060233281184
HHD2393,0.5607084263625253,0.5838742081211422
HHF1995,2.2195408659840936,2.10735820535202
HIP0148,2.2116149535221594,2.316503673740706
HJA0779,0.8867818932303094,1.2074209452717017
HJD3439,0.8681069565074662,0.8808895871984486
HJW2646,0.9298220708540599,1.2406696925087324
HKH0204,2.6986715774299546,2.3782686173268184
HKK2716,0.7790711595597376,0.7904284810156536
HKT1778,0.8293267181454269,0.8638456233234867
HMM2768,0.8166386668212451,0.9421114395319916
HMR0098,0.682870453847279,0.9368348704377335
HMY0235,0.893770855476695,0.8726071077692696
HNB2571,2.1848418383302577,2.36463560653285
HNC0074,0.6807053156473105,0.9946292664789107
HNM3405,1.0473665651161352,1.0978848327395845
HQF1912,0.8576403947101774,0.9115692560459683
HSA2065,0.8819292365166873,1.0444966693314437
HWP0364,2.8113033972300574,2.4777829000314924
HYK3300,1.269104481891958,1.25854676867785
HZH0297,1.0829748466251437,1.21507446150192
IBP1616,0.9444775205237174,0.7208107595944294
IBV1578,1.027225027357979,1.1783567329819669
ICH2378,0.7406313513042763,0.8235321051453479
IFC0958,0.9281909617845142,0.9389027966400258
IGP2254,1.577178074072188,1.6042200390502601
IIW0399,1.3148749385002756,1.4451650477458113
IKM1808,2.2104919157970073,2.2152387937116993
IKP1047,1.7760035941658072,1.860888577198975
IKT0917,2.1703872108822635,2.0403352033270132
ILH2989,0.9827772750085295,1.2263390955612863
ILK3668,2.1295539439046856,2.2180267936034617
ILY3152,2.082995086790541,2.23957051919908
IMC3296,2.0707563602728274,2.1309033825454162
IMH0562,0.9662473910021991,1.4044602490157179
IMR3660,1.2526475898688854,1.3786336687995897
IMS0862,2.2771986801075075,2.2304039876759476
IRC3952,1.0353689175932446,0.9933955576171847
IRP2018,0.7467099554551001,0.8448696430838984
IRS1337,0.9389931631500843,1.0754072212715202
ISR1364,2.034110341591538,2.4859022798427812
IWG0058,1.1698423151388804,1.206665473057723
IWW0699,0.8373958705946587,0.7860652076994974
JAB3656,2.0762966000418555,2.27356402591311
JBB0847,0.7022690497108769,0.7052677487327755
JCB2089,2.147505270952949,2.237946237366872
JCB3054,1.644562556476436,1.6496366045722217
JCL0446,2.19135246753412,2.176468550319564
JCP1462,2.1382488635980037,2.2045032243233584
JCR1148,0.8883332784979475,0.920879063295422
JCS2391,0.9204480669754475,0.9627167796352881
JDC2176,1.081116154832917,1.071782603291334
JDM1042,1.9456946632423673,2.047863056702341
JDV1245,0.8879574699660272,1.1575058616783849
JEH2787,1.044337316648307,1.0266536206243002
JEM0546,1.1282590161541153,1.2647090764432192
JEP1571,1.0537630979810721,1.2728180504194948
JET2299,1.1076775124943996,1.1009205042352304
JGR3914,0.40237390808147827,0.31622776601683794
JHE3080,1.1753627289106785,1.209955162866249
JHK3122,2.2568984819950004,2.2755903501473664
JIR2594,0.9363418772601765,0.867742006863901
JJH2332,0.7882484779421158,0.7091629262105243
JKC2754,1.1059844736835056,1.175903779277759
JKK1422,0.7831350411077501,0.6930335969507273
JKS2444,0.870538820408279,0.9255142227845969
JLR0313,0.9065968278232492,1.0405513589882702
JMB2246,0.9810014197949194,1.0649790958970582
JME0387,0.8755253089114938,0.957586506260357
JMV0602,0.6058228095703766,1.0243056807709183
JNP1240,0.8643121965600912,0.7776522892681231
JOA0305,1.2687413949318151,1.4619746977599075
JPC2507,1.1274650994532744,1.0662551658389308
JRR0769,2.2267774346157303,2.242244992154635
JRR2745,1.3512815621305194,1.361026121859069
JSH3019,1.1141366012748917,1.2827481407125934
JSM3931,2.1141793012722223,2.1173986631597495
JSN0214,2.204859713199286,2.056921034970429
JTJ3700,2.1059677675245965,2.34770584441625
JVS2308,1.8652657815277092,2.1033952031877226
JYB0262,0.839286909062253,0.9984264349024166
JZE2902,1.0326599414240143,1.0129414692705927
KAC1774,1.7892633406583165,1.843323762493939
KAG2599,1.4197354764135994,1.43964615462106
KBC1485,1.1941571356906688,1.0988053839918153
KBM3460,0.415450201656585,0.6402241838994506
KBM3734,2.1857322178962155,2.2528554099249667
KBP0384,0.8651750042629948,0.9119801346072691
KBP0899,2.289250803356688,2.2055709271168573
KCG0979,1.4091842035095372,1.4711993496791969
KCH3095,0.6888210758059559,0.775952383914182
KCM3235,1.0631322757821808,1.2394928201938935
KCW2117,0.8716371055554566,0.9553723454276662
KCW3064,1.2073474621809923,1.2697097847398604
KDC0444,2.233740143698027,2.3254355018413317
KDF0876,2.4928300014657454,2.106276758494161
KDW2929,1.0402500916436186,1.0666847967868494
KEC2465,1.3246814024087508,1.2681250135095605
KEF0629,0.7216405111427742,0.778467037813258
KEF1057,1.510189919876836,1.7890810535872341
KEM1208,1.7401019450118187,2.0574857684961603
KEO0131,0.599873724085732,0.7699370300894939
KJB3654,1.3481935435831025,1.5278174043035013
KJS0119,0.8632977579421394,0.9197347170165616
KKB1088,2.140614438176069,2.0918246750335716
KKH2324,0.7605883404680314,0.6187048560701065
KLP0249,1.2954402105819207,1.3373828462391126
KLP3864,2.133731491429834,2.160106721093111
KMB3781,1.3883142946276092,1.3751991304522377
KMR0682,0.5568658485285913,1.1216858882340643
KOR1163,0.888424256120282,0.9971291806793415
KRH1028,2.2418556067050326,2.3053145875695984
KRM3125,1.3701363400330266,1.6005564344761611
KTC0474,1.2333189168540735,1.2879917539380787
KWC3812,1.055694188172066,1.0596902313643464
LAF2213,0.8918710544618652,1.0431457345199382
LAH3026,2.1790714986366173,2.3390136793608893
LAN1329,0.6507913734559684,0.6635782805771913
LBG0407,0.7874992309581577,0.5971508580642095
LCF1216,2.470116924039583,2.3567152797992192
LCP0344,2.1282302717928716,2.2593998717687462
LCW0047,1.7403118280825836,1.670994646182244
LDB3304,0.7048963763371772,0.7340480004171079
LDN2514,1.0407017388712374,0.893816034665488
LEB1764,1.6761436179240765,1.8332643768015076
LER3942,1.5496914791524528,1.6806618323454998
LFR0075,1.314590348381703,1.4336304061919591
LGR3119,0.976906299228061,0.8693139595773591
LIC0203,0.7122215442758465,0.8009749050676273
LJC0191,2.2232284455697653,2.3136070767598644
LLH3157,1.288549435705166,1.3425683865420925
LLT0291,2.0773290827977546,2.221118079684531
LMH3831,0.7913824347479336,0.7565798858450492
LMM3366,1.3488241373475462,1.2904567670095808
LNM1879,1.227834524436704,1.3046915488663582
LOP1708,1.3134440348184127,1.401894550359678
LPC2011,0.8920344171382648,0.9490102772121644
LPH3918,1.0956268260698903,1.1799812174452426
LQW1314,1.0232546297678304,1.194296565674196
LRM1362,0.9526376279491074,1.1041820673098317
LRM1922,1.1694961710036418,1.2438258468496095
LRS2996,2.2468912602740976,2.2208121592384393
LSL0001,1.1502483244957962,1.3472205218001794
LTH1795,0.7986406962900299,1.1051370810025516
LTW1378,0.6405126152203486,0.6703675950928768
LTW1441,0.5076446407010449,0.6937092279890753
LUG2205,1.248089016541805,1.3641388839338284
LUK1182,2.035581184338107,2.148859632725788
LVH1790,0.9206498540955479,0.8268336266467675
LWB2851,0.9301871999497492,1.123570802182813
LXC0839,0.6718044342560442,0.8555027229554244
LXE2139,0.9439240126169857,1.013392817651979
LYB3419,0.9692157061084598,0.9159682425448835
LYS3814,0.967450562629949,0.8230066229854001
LZM0306,0.7786438126199606,0.9054563029905476
MAB1775,1.7320009148463777,1.8614282991359241
MAG2667,2.036408187189651,2.4581945483336503
MAH0438,1.0367232541790565,1.2171146099733932
MAL2345,0.8629859470146342,0.8655918491120682
MAM2363,2.2936134211937107,2.1635508732064475
MAR2386,2.1427531455784945,2.1496971820149526
MAS3218,0.8355770143890717,0.9576545907374784
MBC0803,1.275893298860343,1.3600660435667864
MBG3183,0.9221613372523888,1.2802884104709704
MBH0527,2.33759215898479,2.247974993734655
MBH1370,0.6862805522559452,0.8701669664859905
MBR3648,0.9356940596331933,0.9964717818478916
MCB2802,0.8796013436202356,0.9587196444442749
MCH3354,0.6832295094689644,0.9051825589118805
MCW0674,0.6728649587749778,0.7971254828501192
MDF1222,0.7119778384165573,0.7374135894078153
MDG0019,0.7838233761296739,0.9758522335370996
MDH2713,0.9972909401900821,1.058356900883702
MDO0606,0.9413160730419347,0.8700356460033436
MEB2241,0.6890192121758831,0.8507218471554973
MEC0781,0.9506212550505252,1.0622846004773958
MET1881,0.6023762469230862,0.8907689867497084
MEW1406,2.1853991166237132,2.1587623276196632
MFK0902,0.7454279345871104,0.7775402591305832
MHG3749,2.3538277444420292,2.2899869877447783
MIA3825,0.7752025329784149,0.8918380387737762
MIC2325,2.070224252072535,1.9311683767233272
MJG2304,1.5157672751041482,1.6710697412025926
MJS3720,1.0836246694508316,0.753778361444409
MKJ1574,0.7653707269858026,0.6189184997151219
MKM0647,1.1003929957115715,1.0447135778380325
MKR1339,1.2638177051288393,1.3724643294534407
MKR2138,2.1443148379848322,2.4889594444208503
MLW2240,1.0790988530558443,1.100001343950197
MMC1084,0.9365758874410457,0.9312338417342712
MMS0241,0.9295075667546874,1.1038326874765703
MMW1927,0.9172330595077846,0.9688052449814134
MNR1903,0.810252967372324,0.8363147327735976
MNT0922,1.1109361387935905,1.156508727944128
MNW1733,1.1199273584191045,0.8114644639607986
MOS0496,1.3713360875149234,1.3962545662880121
MPB2578,2.0577264182450805,2.073936024711004
MPS2849,2.0368421795148177,2.0008761334654754
MQR1657,1.0001209311704509,0.9691691708479817
MRL2636,1.0990260056447223,1.05379198521871
MRS0368,2.1262080619090993,2.250045312223327
MRS0409,1.046835091605737,1.2771857585540716
MSP3845,0.6623971867187631,0.9734612040254396
MTP2675,0.9693895703490907,1.0122162656871698
MVS1908,2.4082719713432663,2.1960817244693156
MWG1570,0.8381897826872159,0.8831145476934609
NBR3731,2.2024639514932165,2.1086973240542735
NBT3447,0.8035207810913454,0.9380191255405617
NBW2810,0.9844293390566464,1.1280389665753392
NCR2854,0.9123990813401314,0.8853899814994013
NCS1854,1.124681523517607,1.109889345703162
NDC0948,0.8339060929564914,1.0738774605473496
NDM2251,1.2464234547582247,1.1259916264596033
NDW3217,0.9060494210140634,1.1273087197827347
NEH3435,1.1398606922059085,1.1702141086091062
NGB0066,0.751018354880418,1.0844175073980251
NGP0549,1.346428115074217,1.4309898845311537
NIB1197,2.310620186444427,2.3293913855415327
NIW3071,0.9165054661613024,0.6992270301671067
NJL2478,0.9446708826041582,1.0334994794725367
NJM0440,0.9790771841408502,0.96511717295783
NJS2498,2.159773730477765,2.166681477463267
NMM1560,2.152328316528541,2.1911450975432856
NNM2862,1.0108702073987552,1.02541753816096
NOE2965,0.9991011701540281,1.1276883530838748
NQM0084,0.9289219168486712,0.9010255138190366
NQO2712,2.166161928342631,2.1272482244334396
NRG1562,0.7371799939189502,0.8316143887538813
NRT1320,1.064495271549002,1.0237115550707374
NSC1939,0.6868995457237493,0.7410129259969238
NSR2539,0.9051101728574895,1.1743858387621782
NTC2663,0.8446415839400839,0.8106055620039869
NTF1342,1.39980943684005,1.4562603203734283
NVH3726,1.2566208386362256,1.3609401426032217
NVL2180,0.8748040126703088,0.8492909516908678
NWH2896,0.9935308351482505,1.0228949343437816
OAP2825,0.818386000317265,0.9860263504149509
OAW3013,0.8148132738507184,0.851077299989153
OCD3513,1.2440099423546083,1.3067486692702228
OCH2853,0.771078363077064,0.9501710980155375
OED3393,0.7811113640679794,0.840067014032529
OEJ1648,1.119014290550456,1.2395174499666917
OGW3384,1.5889814833891183,1.3969699514997496
OJR2085,1.132978387099235,1.222504052575899
OJT3599,2.2271904630027866,2.2647737987245082
OKG1889,1.22620518445145,1.330025395104326
OKH3777,0.819040508969109,0.9079593845004517
OQL3890,1.2717592242041211,1.2792096157504462
ORM1484,2.303142038328101,2.2425216316960066
OSC1925,2.2439646684246504,2.1378861172116164
PDG2607,2.1251306195443855,2.5007755260838342
PGF3491,2.251751090149451,2.161042810643749
PHB0124,0.6672398745212873,0.9298174689113176
PHH1524,0.5488334553243615,0.6109013365248801
PJC1252,0.7232822788524276,0.9169429173757164
PLH1807,1.956753304621109,2.1993404877441374
PLJ1771,,
PMF0768,1.040328396575108,1.2018127318148861
PMH3484,0.7903245890801253,0.8731729148493553
PNH1444,2.192072264238985,2.252489737974609
PPG2889,0.8250655506263423,0.8673778968980478
PPP1295,1.0004167443673666,1.0353011816389879
PSP3592,1.2147266475632528,1.3383972360050616
PVV3999,0.6138788892284814,0.8185051856379751
PWM0708,0.9298347521655805,1.0660375405349316
QAH0048,1.6821051808300755,1.8207883122640534
QAH1315,0.8878682485092932,1.0883715061028687
QBL1386,2.3650884124925136,2.0980195502580483
QBR2250,0.8671173806887691,0.8429844071053215
QCD0386,0.711581352278942,0.8535389579864515
QCN2206,1.1576811149490926,1.0876384479613201
QFP3467,0.8221066548299495,0.920936320968305
QGH0041,1.5445687872781562,1.7447245568736336
QIS2940,1.1158442331344454,1.325794840374214
QJO1715,0.7580653486186267,1.0054657456514104
QKO2718,0.7684350203807928,0.8912209523947995
QRJ1597,2.0910532307626517,2.074456478858987
QWL3474,0.7741708734959789,0.9140042268545996
RAA1455,2.1892909975400454,2.209309160736899
RCF0054,0.8951876020391485,0.7358557995165748
RCG0105,0.71542152399075,0.7169229349265206
RCS2064,0.6693883835866948,0.6871842709362769
RCT1697,0.7650641219037236,0.8591155865724003
RDA3381,0.958251651423964,1.0549844884580093
REC0283,0.9199613958394918,0.9509819453295401
REF3266,2.3566519373484813,2.2585174121314413
REJ2666,2.227807533613224,2.346885342138775
REM0580,0.9893622790961082,1.0709480961098925
RGB1581,0.8872946968369632,0.8770878202964639
RJF3299,1.1234128426018002,1.1604474818376425
RKH2877,0.7522575841214345,0.7682803567277874
RLB1334,0.7437725124031698,0.8863650888813462
RLP3268,0.7858369529467125,0.8725084135584918
RMD0792,0.8053641106348342,0.8582134870076398
ROH1347,2.1573195257083575,2.207317457020851
ROR3483,0.853265219949375,0.7815409441364897
RPB0029,0.7452606723393638,0.7276068751089989
RPH2326,0.7612712665246658,1.0143626901801641
RPS3617,2.1892443084676576,2.1459702214370684
RQN2039,1.3500316516720987,1.3956193592915145
RRD2697,0.7893418722033294,0.9771185896298507
RRH0638,0.37796447300922725,0.816496580927726
RRS2359,0.9212172441234006,1.0327455966946846
RSG0687,1.3379371101429898,1.3985649992310756
RSR2681,0.5881502749474371,0.6399664909642611
RSS0875,1.0713009136958895,1.0888745040856112
RSS3182,2.190978270363936,2.0709248362982984
RSV3166,0.7114554316110259,0.824148517696161
RTN3680,1.1692445711367945,1.404816302616495
RTP0754,0.9048663264720755,0.9833266074561476
RTS2009,2.092181872156483,2.058782371575545
RVB0303,0.9188484353323108,0.9652628753478877
RVH0535,1.058226192518849,1.3164491437509447
RVV0317,1.0441853513386241,1.1664648735895422
RWS3699,0.8748081253614115,0.8699133929850524
SAB0817,0.9654825976900674,0.9312405950024271
SAB1954,0.6260623155792927,0.8030115728972382
SAD3259,0.8684298042135337,1.0113491193768187
SAM3855,0.7822992775516772,0.9426252750288985
SAP3390,0.9375016706748013,0.8732870735048134
SCE1877,0.6538625481582945,0.4643056214875365
SCJ0179,1.034895430997982,1.1263175015416065
SCL2577,2.555846343650286,2.173927856659996
SCM3407,1.0734459440265063,1.2880965899776722
SCM3950,1.2012265749749556,1.405650843988811
SCR2455,2.3107975676583092,2.08702422197079
SDC3561,0.7407971974871922,1.1463254465941088
SDH1556,0.7819689315030781,0.9330015022917638
SDH2394,2.2220501303647158,2.14509475148361
SEM1862,0.7713785553292822,1.0138891728571358
SFM2226,0.9487320522349924,0.68619262202649
SGC2111,0.8861749953869043,0.8873257230439735
SHP1418,1.204030230800082,1.3851115069133166
SIS3576,2.212429124938898,2.114716301600943
SJC3900,1.3864557784147624,1.2538600194812848
SJM3805,2.1883751047266053,2.2872300083147032
SKB3336,0.7186485206291959,0.9277712507244907
SKF2105,0.9479552658467125,1.001512905945397
SKS0339,1.875237235920505,2.0155424449804396
SLC1588,0.8690983787533552,0.8439630571601502
SML1923,1.1966184760310181,1.2290289375682142
SMR0338,1.1150070239264516,1.1765162262953228
SOB0089,1.1051370810025518,1.0550253413188473
SOD0442,1.382019905480753,1.4347418350450472
SOM2865,0.8015821459161772,0.9066538017009376
SRA3210,0.9268296805774159,1.055621369951414
SRB2276,0.8583339882396434,0.949273826148814
SRB2600,2.1723653732144226,2.137459489143381
SRR2711,1.013264662714178,1.1582825234451242
SSL2271,1.3362451229173193,1.4999309887290426
SSS3091,0.9125618481001655,1.0207285179172527
SST1661,0.5967837075949659,0.6393200753379787
SWO3258,0.6221710168382552,0.592289162160598
TAB1870,2.0038597078291867,2.1531021937204406
TAC3330,2.474707219890026,2.3596113170955864
TAJ0193,1.557857232544272,1.588216331040843
TAM2031,1.0646582237963194,1.1359394967860477
TAP0664,0.7440033066887113,1.0169410959416703
TBD2008,0.7780073477994446,0.8126142791442146
TBL2581,0.8725941621197106,0.8077870349907853
TCB0550,1.0351585524069689,1.2171960884042172
TCG0016,1.0446259580939026,1.0194049214774417
TCH2216,0.948197416688015,1.2003370409084084
TCM2403,1.1328138630047313,1.1368901286773991
TDH0989,0.8329944050626048,0.8852997256366244
TDJ3138,1.1970676733137329,0.6580053301400784
TDK1689,0.9455893369424141,1.1457038721403374
TDM3135,0.675745068526434,0.7456814644717227
TDR0111,1.0881551510024023,1.2866663141940233
TDV3188,1.2211176592122341,1.3147198835086595
TFH0544,1.0033520441530908,1.0252867054169548
TGP1343,2.430694679726029,2.259848590328705
THF2879,0.7766191182954234,0.7441273346652968
THH2751,0.8567146823788685,0.9718421094917801
TIE1175,0.9576211545981675,0.964966020277323
TJB0540,1.4128531657729104,1.5135867180929266
TJD0106,1.030993657421603,1.208348092347162
TJS3067,1.1417835970619603,1.257745961946759
TKE3293,0.8789803086410545,0.7897279359158809
TKM1539,2.2446535791847335,2.159093731764852
TKS1549,0.8374439620063447,0.9270076187685828
TKS3035,1.1400493567968923,1.2601295604763625
TLK0003,0.8876840586407362,1.033770558334381
TMC3659,0.8020472536739657,0.8582633326400526
TNR0319,0.7964455612758751,0.887908457254028
TSD2948,0.9662576499846436,0.9922778767136676
TSO3216,0.9517918197965414,0.9737356876269724
TTL3088,2.2907784370527517,2.146249800556358
TVC2918,1.0521916411374561,1.1534458199887947
TVS0520,2.188857755781202,2.2279834893610255
TWM2199,2.3247532588050954,2.2178922762607467
TZM0851,1.2808488476365205,1.3082254543911094
TZY3133,0.950011056990055,1.127327967957389
UCW2995,1.0363897393628472,1.116080229778134
UKC0543,2.084589416638905,2.2578037323954847
UKS1465,0.8892257816445284,1.1753809196686023
UMB0055,2.0259993296409404,2.078474897392354
UMF2894,0.7403574626413538,0.928636684727512
UMS0883,1.4554532826164985,1.5193325818983825
UOM3363,1.0986576279517624,1.0726669587384046
URC3818,1.3497758665719266,1.3388049215365665
USF1753,1.9742312233805672,2.19962235522599
UXC1495,2.418976436717543,2.3147697500649813
VAB1526,2.1988084019287077,2.2745258991296704
VCV2521,1.2688606929575657,1.425622846944076
VDI1217,2.130634637941484,2.0970512064268334
VDP0790,0.9018166445501069,0.9983537905310549
VEW0278,1.285677527816289,1.5361093960697825
VHG3993,1.357666764249436,1.3330680978936922
VJB1928,2.0378442012980393,2.1074833319908857
VKM2949,0.657539831573582,0.9726607578306234
VNG0916,2.0222710525285805,2.2441661834789466
VPS3185,0.9434858529580082,1.0263154726831036
VQS3246,1.9337349130621275,2.2474601419881126
VRJ0636,1.4344541575661207,1.371521574227481
VTK2978,1.0849951805103428,1.1762281006687723
VYP0637,2.025278841533904,2.143288177200237
WAC3677,1.151541988400315,1.338055984146256
WAH2778,0.8855499553823379,1.0334244962300412
WAS2214,2.2436244251195605,2.177793990138582
WBH1861,0.7089624862964422,0.8707021950530152
WDD2677,2.3853269746666106,2.192022177817189
WDS2197,1.1379781599304775,1.3437992055766619
WJM3209,0.9231942275054293,0.8732280533259729
WKG0150,0.5834415484039857,1.0224747162910903
WMM0873,,
WMR2723,0.9895203783402235,1.0775884702412653
WNW2002,1.1174273180378862,1.17797961064725
WOL3226,0.9017572668066677,0.934086422651145
WRF3534,0.8236236748465422,0.9870416601932877
WRJ2184,0.7218108289291105,0.8560857144668705
WRM0515,1.4842331043619326,1.394014224056133
WRW2331,0.7971624553976225,0.7784030640030014
WSA1765,1.6206049947948205,1.9314433459314675
WSS0820,1.1664653135266274,1.4155927438202938
WTG2109,1.1166110283002117,1.2260350377753328
WZR3948,2.188798936057119,2.0923428714100263
XAB0627,0.6130180578421051,0.7588090268575529
XAB0936,0.7254762501100116,0.9795200148335201
XAL0414,0.984531582374959,1.2477882965722147
XCL1792,2.128703018533882,2.1672725871799616
XGB1528,1.0216333399867825,1.076913481696103
XHR2377,0.600233223655541,0.8988409525133231
XIW0171,0.7121724106448243,0.8649240902629615
XPW2833,1.9018449199947693,2.293847971089356
XSF3982,2.51891752067827,2.29918167376895
XTB2372,0.9281944600553813,1.100311002336164
XUC1092,0.877034438992212,1.056763721516462
YCL0824,0.6908926923276528,0.9483231918820977
YDM1720,2.2149078585428716,2.07948598358255
YHB2355,0.7893985721473312,0.7342425013168047
YKW3832,0.7495354860059449,0.8192837952647325
YLL0795,0.5347163973025955,1.054398486512543
YNW2855,2.145924774474496,2.248414274912084
ZCR0558,1.2132311505073565,1.2537662559510057
ZDC2523,0.9388333534864385,0.8481816826485868
ZHF1006,2.244417738022588,2.3127449849488206
ZNB3313,0.9071832044629284,0.9652341781316804
ZRM0694,0.8963214697997328,0.9498956966661263
